question,answer,user_type
How can I create a new Opportunity in Sales Cloud?,"1. Navigate to the ""Opportunities"" tab.2. Click ""New Opportunity.""3. Fill in the necessary fields like Opportunity Name and Close Date.4. Click ""Save.""",End User
How do I track the sales stage of an Opportunity?,"1. Open the Opportunity record.2. Find the ""Stage"" field.3. Select the appropriate sales stage.4. Save the changes.",End User
 How do I link Contacts to Opportunities in Sales Cloud?,"1. Open the Opportunity record.2. Scroll to the ""Contact Roles"" section.3. Click ""Add Contact Role.""4. Select a Contact and role, then save.",End User
How can I forecast my sales in Sales Cloud?,"1. Go to the ""Forecast"" tab.2. Select ""Forecast Type"" (e.g., Opportunity).3. Choose the period (monthly, quarterly) and view the forecast.4. Adjust for accuracy.",End User
How do I create a quote from an Opportunity?,"1. Open the Opportunity record.2. In the ""Quotes"" related list, click ""New Quote.""3. Fill in the necessary details and click ""Save.""",End User
How do I convert a lead into an Opportunity?,"1. Go to the ""Leads"" tab.2. Open the Lead record.3. Click ""Convert.""4. Select to create a new Opportunity and click ""Convert.""",End User
How do I set up sales teams in Sales Cloud?,"1. Go to Setup.2. Search for ""Sales Teams.""3. Select a record (Opportunity, Account).4. Add members to the team and save.",Admin
 How do I customize Opportunity page layouts in Sales Cloud?,"1. Navigate to Setup.2. Search for ""Page Layouts"" in the Quick Find box.3. Select ""Opportunity Layouts.""4. Drag and drop fields and sections as needed.",Admin
How do I enable Opportunity Splits in Sales Cloud?,"1. Go to Setup.2. Search for ""Opportunity Splits.""3. Click ""Enable Opportunity Splits.""4. Configure the percentage splits and click ""Save.""",Admin
How do I set up an approval process for Opportunities?,"1. Go to Setup.2. Search for ""Approval Processes.""3. Click ""New Approval Process.""4. Define the entry criteria and actions, then save.",Admin
How do I customize Sales Cloud Forecasting?,"1. Navigate to Setup.2. Search for ""Forecast Settings.""3. Select the forecast type (e.g., Opportunity).4. Adjust for your team's needs and save.",Admin
How do I create an Opportunity Stage in Sales Cloud?,"1. Go to Setup.2. Search for ""Opportunity Stages.""3. Click ""New Stage.""4. Define the stage and order, then click ""Save.""",Admin
How do I create a new Sales Process in Sales Cloud?,"1. Go to Setup.2. Search for ""Sales Processes.""3. Click ""New Sales Process.""4. Select the Opportunity stages and click ""Save.""",Admin
How do I import data into Sales Cloud?,"1. Navigate to Setup.2. Search for ""Data Import Wizard.""3. Select ""Standard Objects"" and choose the object to import.4. Follow the prompts to map fields and import data.",Admin
How do I enable and set up Chatter in Sales Cloud?,"1. Go to Setup.2. Search for ""Chatter Settings.""3. Click ""Enable Chatter.""4. Configure the settings for groups, followers, and notifications.",Admin
How do I track Opportunity competitor information?,"1. Open the Opportunity record.2. Scroll to the ""Competitors"" related list.3. Click ""New Competitor.""4. Enter competitor details and save.",End User
 How do I use Opportunity Contact Roles?,"1. Open the Opportunity record.2. Scroll to ""Contact Roles.""3. Click ""New Contact Role.""4. Select a contact and specify their role, then save.",End User
How do I create an Opportunity record type in Sales Cloud?,"1. Go to Setup.2. Search for ""Record Types"" in the Quick Find box.3. Select the Opportunity object.4. Create a new record type and save.",Admin
How do I configure Opportunity Teams in Sales Cloud?,"1. Go to Setup.2. Search for ""Opportunity Teams"" in the Quick Find box.3. Click ""Enable Opportunity Teams.""4. Configure team members and save.",Admin
 How can I manage Opportunity sharing rules in Sales Cloud?,"1. Go to Setup.2. Search for ""Sharing Settings.""3. Click ""New Sharing Rule.""4. Define the criteria and specify the level of access, then save.",Admin
How can I filter Opportunities based on certain criteria?,"1. Go to the ""Opportunities"" tab.2. Click on the filter icon.3. Select the desired filter criteria (e.g., Opportunity Stage, Amount).4. Click ""Apply"" to view results.",End User
How do I add a new Opportunity Stage?,"1. Open an Opportunity record.2. In the ""Stage"" field, select the new stage.3. Click ""Save"" to update the Opportunity.",End User
How do I track the activities related to an Opportunity?,"1. Open the Opportunity record.2. Scroll down to the ""Activity History"" section.3. Click on the task or event to view details.",End User
How do I log a call in Salesforce for an Opportunity?,"1. Open the Opportunity record.2. In the ""Activity History"" section, click ""Log a Call.""3. Enter the call details and click ""Save.""",End User
How do I use the Sales Path in Opportunities?,"1. Open an Opportunity record.2. Scroll to the ""Sales Path"" section.3. Follow the steps outlined to guide you through the sales process.",End User
 How can I add a Contact to an Opportunity?,"1. Open the Opportunity record.2. Scroll to the ""Contact Roles"" section.3. Click ""Add Contact Role,"" select a contact, and click ""Save.""",End User
 How can I update the expected close date of an Opportunity?,"1. Open the Opportunity record.2. In the ""Close Date"" field, update the date.3. Click ""Save"" to apply changes.",End User
How can I delete an Opportunity in Salesforce?,"1. Open the Opportunity record.2. Click the ""Delete"" button on the top right corner.3. Confirm the deletion to remove the Opportunity.",End User
 How do I create a task related to an Opportunity?,"1. Open the Opportunity record.2. Scroll to the ""Activity History"" section.3. Click ""New Task,"" fill in the details, and click ""Save.""",End User
 How do I add a custom field to an Opportunity record?,"1. Open the Opportunity record.2. Click ""Edit"" and scroll to the field section.3. Click on ""Add Fields"" and select the custom field.",End User
How do I set up automatic email alerts for Opportunity changes?,"1. Go to Setup.2. Search for ""Workflow Rules.""3. Click ""New Rule"" and select ""Opportunity."" 4. Define criteria and set up the email alert action.",Admin
 How do I create custom Opportunity page layouts?,"1. Go to Setup.2. Search for ""Page Layouts.""3. Select ""Opportunity Layouts.""4. Drag and drop fields, sections, and buttons to customize.",Admin
How can I create an Opportunity record type in Salesforce?,"1. Go to Setup.2. Search for ""Record Types"" in the Quick Find box.3. Select the ""Opportunity"" object.4. Create a new record type and save.",Admin
 How do I set up Opportunity sharing rules in Salesforce?,"1. Go to Setup.2. Search for ""Sharing Settings.""3. Click ""New Rule"" for Opportunities.4. Define the rule and set the access levels.",Admin
How do I create a Sales Process for Opportunities?,"1. Go to Setup.2. Search for ""Sales Processes.""3. Click ""New Sales Process.""4. Choose the stages and save the process.",Admin
How do I configure Opportunity Teams in Salesforce?,"1. Go to Setup.2. Search for ""Opportunity Teams.""3. Enable the feature if it's not already enabled.4. Add team members and save.",Admin
 How do I track Opportunity milestones using Sales Cloud?,"1. Go to Setup.2. Search for ""Milestones"" and enable them.3. Add milestones to Opportunity records.4. Track progress on the Opportunity page.",Admin
 How do I set up Opportunity-related reports in Salesforce?,"1. Go to the ""Reports"" tab.2. Click ""New Report.""3. Select ""Opportunities"" as the report type.4. Customize the report and save.",Admin
How do I create Opportunity products in Sales Cloud?,"1. Go to Setup.2. Search for ""Opportunity Products.""3. Enable the feature if needed.4. Add products to the Opportunity and save.",Admin
 How do I use the Sales Cloud console for Opportunity management?,"1. Go to Setup.2. Search for ""Sales Cloud Console."" 3. Enable the Sales Cloud Console.4. Customize the layout for managing Opportunities.",Admin
"""How can I view my upcoming tasks and activities in Salesforce?""","Navigate to the 'Home' tab in Salesforce. 2. Look for the 'Tasks' or 'Upcoming Activities' section. 3. Here, you will find a list of tasks and events sorted by their due date.",end_user
"""How do I update a contact’s information if they change their email or phone number?""",Go to the 'Contacts' tab. 2. Search for the contact by name in the search bar. 3. Click on the contact’s record to open it. 4. Click the 'Edit' button. 5. Update the email or phone number fields. 6. Click 'Save' to apply the changes.,end_user
"""What’s the best way to log a call or meeting with a client in Salesforce?""","Open the relevant record, such as a contact or opportunity. 2. Scroll to the 'Activity' section. 3. Click 'Log a Call' to record a past interaction or 'New Event' for a scheduled meeting. 4. Fill in the required details, such as date, time, and description. 5. Click 'Save' to store the activity.",end_user
"""How do I find all my open opportunities with a specific account?""","Navigate to the 'Opportunities' tab. 2. Use the search bar to look for the account name. 3. Apply filters, such as 'Stage' set to 'Open.' 4. Alternatively, create a report to see all opportunities related to the account with specific details.",end_user
"""Can you help me create a report to see the sales pipeline by stage for this quarter?""","Go to the 'Reports' tab. 2. Click 'New Report' and select 'Opportunities' as the report type. 3. Add filters, such as 'Close Date' for this quarter and 'Stage' for pipeline stages. 4. Drag and drop fields like Opportunity Name, Stage, and Amount into the report. 5. Save and run the report to view the pipeline.",end_user
"""How do I share an opportunity record with another user?""","Open the opportunity record. 2. Look for the 'Sharing' button (if available). 3. Click 'Sharing' and add the user or group you want to share it with. 4. Set the access level (e.g., Read-Only or Edit). 5. Click 'Save' to apply the sharing settings.",end_user
"""What steps should I follow to close a case as resolved in Salesforce?""",Open the 'Cases' tab. 2. Search for and select the case you want to close. 3. Open the case record and update the 'Status' field to 'Resolved' or 'Closed.' 4. Add any necessary comments or resolution notes. 5. Click 'Save' to finalize the case.,end_user
"""How can I set a reminder or follow-up task for a specific lead?""","Go to the lead’s record. 2. Scroll to the 'Activity' section. 3. Click 'New Task' to create a follow-up reminder. 4. Fill in details like the due date, subject, and description. 5. Click 'Save' to schedule the task.",end_user
"""How do I add a new lead and assign it to the correct team member?""","Go to the 'Leads' tab. 2. Click the 'New Lead' button. 3. Fill in the lead’s details, such as name, company, and contact information. 4. Use the 'Owner' field to assign the lead to a team member. 5. Click 'Save' to add the lead to Salesforce.",end_user
"""What’s the process to escalate a case to a higher support level?""",Open the case record from the 'Cases' tab. 2. Look for the 'Escalate' button or option (if available). 3. Update the priority or escalation details in the case record. 4. Notify the assigned support team or manager about the escalation. 5. Save the changes to reflect the escalation.,end_user
"""Can I get a summary of my sales performance for the last month?""","Go to the 'Reports' or 'Dashboard' tab. 2. Look for a pre-built report or dashboard showing sales performance metrics. 3. If unavailable, create a custom report by selecting 'Opportunities' as the report type. 4. Filter the data by 'Close Date' for the last month. 5. Add fields like 'Amount' and 'Stage' to the report and run it.",end_user
"""How do I export contact data from Salesforce into an Excel file?""",Go to the 'Reports' tab. 2. Open or create a report containing the contact data you want. 3. Click the 'Export' button. 4. Choose the desired format (Excel or CSV). 5. Download the exported file to your computer.,end_user
"""What are my options for integrating emails from Outlook into Salesforce?""","Install the Salesforce Outlook Integration tool or plugin. 2. Log in using your Salesforce credentials. 3. Use the plugin to log emails directly to Salesforce records, such as contacts or opportunities. 4. You can also use email-to-case functionality for support cases.",end_user
"""How do I view my top accounts by revenue in Salesforce?""",Go to the 'Reports' tab. 2. Click 'New Report' and select 'Accounts' as the report type. 3. Add fields such as Account Name and Revenue. 4. Sort the data by Revenue in descending order. 5. Save and run the report to view the results.,end_user
"""Can you help me find all contacts within a specific region or city?""","Go to the 'Contacts' tab. 2. Click on the filters icon or use the search bar. 3. Filter by fields such as City, State, or Region. 4. Apply the filters to display the relevant contacts.",end_user
"""What’s the difference between a task and an event in Salesforce, and how should I use each?""",Tasks are for tracking to-dos and reminders with deadlines. 2. Events are for scheduled meetings or calls that appear on your calendar. 3. Use tasks for follow-ups or actions to complete and events for time-specific activities.,end_user
"""How do I access and use a report someone else created in Salesforce?""",Go to the 'Reports' tab. 2. Navigate to the 'Folders' section to find shared reports. 3. Click on the report to open it. 4. View or modify the report depending on your permissions.,end_user
"""What’s the best way to track changes made to a specific record over time?""",Ensure that field history tracking is enabled for the object. 2. Go to the record where you want to track changes. 3. Scroll to the 'History' related list. 4. Review the log of changes made to tracked fields.,end_user
"""How do I add notes or files to a contact’s record in Salesforce?""",Open the contact’s record. 2. Scroll to the 'Notes & Attachments' section. 3. Click 'Add Note' to write a note or 'Upload File' to attach a document. 4. Save the note or file to complete the process.,end_user
"""Can you guide me on using Chatter to collaborate with my team on an opportunity?""",Open the opportunity record. 2. Navigate to the Chatter feed section. 3. Type your message in the Chatter feed. 4. Use @mentions to tag team members. 5. Attach any relevant files or links. 6. Post your message to collaborate with your team.,end_user
"""How can I create a new custom field in Salesforce?""","1.Navigate to the Setup menu by clicking the gear icon. 2.In the Quick Find box, search for ""Object Manager."" 3.Select the object (e.g., Account, Opportunity) where you want to add the custom field. 4. Click Fields & Relationships. 5.Click New Field. Choose the field type (e.g., Text, Number, Picklist). 6.Enter the field details (name, label, description). 7.Set field-level security and make the field visible to relevant profiles. 8.Click Save.",end_user
"""What’s the best way to manage user permissions and profiles in Salesforce?""",1.Go to Setup.,admin
,"2.Search for ""Profiles"" in the Quick Find box.",
,3.Select the profile you want to edit.,
,"4.Modify the permissions (read, create, edit, delete) as needed.",
,5.Assign appropriate permission sets if necessary.,
,"6.Click ""Save.""",
"""How do I set up a new record type for accounts or opportunities?""",1.Navigate to Setup.,admin
,"2.Search for ""Record Types"" in the Quick Find box.",
,3.Select the object for which you want to create the record type.,
,"4.Click ""New Record Type.""",
,5.Enter the record type name and description.,
,6.Choose the business process (if applicable).,
,7.Assign the record type to relevant profiles.,
,"8.Click ""Save.""",
"""Can you explain the difference between a custom object and a standard object in Salesforce?""","1.Standard objects are pre-built and come with Salesforce (e.g., Account, Contact).",admin
,2.Custom objects are created by users to track unique information that is not covered by standard objects.,
"""How can I troubleshoot issues with a user not being able to access certain records?""",1.Verify the user’s profile permissions to ensure they have access to the object.,admin
,2.Check if the record is shared with the user based on the role hierarchy and sharing rules.,
,3.Review field-level security settings to make sure fields aren’t hidden from the user.,
,4.Confirm that any record types and page layouts are accessible to the user.,
"""What steps should I follow to deploy changes from a sandbox environment to production?""",1.Verify that all changes in the sandbox are working correctly.,admin
,2.Create a change set in the sandbox environment.,
,3.Upload the change set to the production environment.,
,4.Review the components in the change set before deploying.,
,5.Deploy the change set to production.,
,6.Test the changes in the production environment to ensure everything works as expected.,
"""How do I configure a validation rule to prevent users from saving a record without a required field?""",1.Navigate to Setup.,admin
,2.Search for “Validation Rules” in the Quick Find box.,
,3.Select the object where you want to create the rule.,
,"4.Click ""New Rule.""",
,5.Enter a rule name and formula to check if the required field is blank.,
,6.Set the error message that will be displayed to users.,
,"7.Click ""Save.""",
"""Can you explain how to set up a workflow rule for automated email notifications?""",1.Go to Setup.,admin
,"2.Search for ""Workflow Rules"" in the Quick Find box.",
,"3.Click ""New Rule.""",
,4.Choose the object where the rule will apply.,
,5.Define the rule criteria (when to trigger the workflow).,
,"6.Under Immediate Actions, select ""New Email Alert.""",
,"7.Configure the email alert (email template, recipients).",
,8.Activate the workflow rule.,
"""What are the steps to set up a new report type in Salesforce?""",1.Go to Setup.,admin
,2.Search for “Report Types” in the Quick Find box.,
,"3.Click ""New Custom Report Type.""",
,4.Select the primary object and secondary objects to include in the report.,
,5.Set the report type label and description.,
,6.Define the report layout and fields.,
,"7.Click ""Save.""",
"""How do I create and manage a custom approval process in Salesforce?""",1.Navigate to Setup.,admin
,"2.Search for ""Approval Processes"" in the Quick Find box.",
,"3.Click ""Create New Approval Process.""",
,4.Define the entry criteria for when a record should enter the approval process.,
,"5.Set the approval steps and actions (e.g., email notifications).",
,6.Assign users who can approve/reject the record.,
,7.Activate the approval process.,
"""What’s the best way to monitor user login activity and security in Salesforce?""",1.Go to Setup.,admin
,"2.Search for ""Login History"" in the Quick Find box.",
,3.Review the login history for details on failed login attempts and login sources.,
,"4.Use ""Event Monitoring"" to track specific user activities.",
,5.Set up login IP ranges and multi-factor authentication (MFA) for added security.,
"""How can I create a dashboard that tracks key metrics for the sales team?""","1.Create reports that track the key sales metrics (e.g., closed deals, opportunities).",admin
,"2.Navigate to ""Dashboards"" in Salesforce Setup.",
,"3.Click ""Create New Dashboard.""",
,"4.Add components (charts, tables) to the dashboard to display the reports.",
,5.Share the dashboard with the sales team.,
,6.Set permissions for visibility.,
"""What are the limitations of Salesforce’s storage, and how can I optimize it?""",1.Salesforce has data storage and file storage limits based on your subscription plan.,admin
,2.Optimize data storage by regularly cleaning up unused records.,
,3.Use external storage for large files or archives.,
,4.Monitor your storage usage via the “Storage Usage” page in Setup.,
"""Can you walk me through setting up email deliverability and configuring DKIM in Salesforce?""","1.Go to Setup and search for ""Email Deliverability.""",admin
,"2.Set the email deliverability to ""All email.""",
,"3.For DKIM, go to ""DKIM Keys"" in Setup.",
,4.Add a new key by entering your domain’s DNS settings.,
,5.Test the email deliverability settings.,
"""How do I configure the Salesforce Mobile app for users to access records on the go?""",1.Go to Setup and search for “Salesforce Mobile Settings.”,admin
,2.Enable Salesforce Mobile for your organization.,
,3.Configure which objects and fields are accessible on mobile.,
,4.Ensure the mobile app is installed on users' devices.,
,5.Test access to records through the mobile app.,
"""How can I automate the process of deactivating inactive users and archiving their data?""",1.Create a report to identify inactive users based on login activity.,admin
,2.Set up a workflow or process builder to deactivate inactive users.,
,3.Archive or delete the data associated with deactivated users.,
,Automate notifications to administrators when user data is archived.,
"""What’s the process for managing and troubleshooting data integrations in Salesforce?""",1.Review integration logs for error messages.,admin
,2.Verify API connections and credentials.,
,3.Check data mapping for discrepancies.,
,4.Ensure all fields are correctly mapped between Salesforce and external systems.,
,5.Test the integration to confirm it is working as expected.,
"""How do I configure sharing rules to give different teams access to specific records?""","1.Go to Setup and search for ""Sharing Rules.""",admin
,2.Choose the object for which you want to create sharing rules.,
,"3.Define the criteria for sharing (e.g., record owner, field values).",
,4.Set the teams (roles or public groups) that should have access.,
,5.Save and activate the sharing rules.,
"""Can you explain how to set up a sandbox for testing and development purposes?""","1.Go to Setup and search for ""Sandboxes.""",admin
,"2.Click ""New Sandbox.""",
,"3.Choose the sandbox type (e.g., Developer, Partial Copy).",
,4.Select the data to include in the sandbox.,
,"5.Click ""Create.""",
,6.Test changes in the sandbox before deploying to production.,
"""How do I configure and use the Event Monitoring feature to track user activity and system performance?""",1.Enable Event Monitoring in Salesforce Setup.,admin
,"2.Define the events you want to monitor (e.g., login, record access).",
,3.Review logs for detailed information on user activity and system performance.,
,4.Set up notifications to alert administrators about unusual activity.,